Brand,Rating,Selling_Price,Original_Price,Stock,Ratings_reviews_count,Discounts,Product_ID
saf,4.2,₹399,"₹1,299",Top Discount of the Sale,(46),69% off,1
POSITIVE,4.4,₹85,₹499,Top Discount of the Sale,(130),82% off,2
SNDArt,4.3,₹123,₹499,Only few left,"(2,731)",75% off,3
saf,4.3,₹256,₹999,Top Discount of the Sale,"(4,810)",74% off,4
XIDLZ,4.2,₹136,₹499,Only few left,(94),72% off,5
SNDArt,4.5,₹194,"₹1,199",Top Discount of the Sale,(847),83% off,6
KARNIART,4,₹45,₹580,Top Discount of the Sale,"(3,708)",92% off,7
XIDLZ,4.3,₹199,₹799,Top Discount of the Sale,"(2,928)",75% off,8
SNDArt,4.1,₹123,₹599,Only few left,(296),79% off,9
Indianara,4.2,₹109,₹699,Only few left,"(4,899)",84% off,10
SNDArt,4.2,₹194,₹999,Only few left,"(1,212)",80% off,11
saf,4.2,₹999,"₹4,999",Top Discount of the Sale,(46),80% off,12
XIDLZ,4.9,₹174,₹799,Only few left,(10),78% off,13
XIDLZ,4.4,₹174,₹799,Only few left,(223),78% off,14
saf,4.4,"₹1,323","₹5,999",Only few left,"(4,161)",77% off,15
saf,4.2,₹174,₹999,Top Discount of the Sale,(35),82% off,16
saf,4.3,₹399,"₹1,299",Only few left,(4),69% off,17
WALLSTOXX,4.3,₹176,₹499,Top Discount of the Sale,(26),64% off,18
XIDLZ,4.3,₹174,₹799,Only few left,(26),78% off,19
XIDLZ,4.3,₹174,₹799,Only few left,(589),78% off,20
WALLSTOXX,3.9,₹176,₹499,Top Discount of the Sale,(408),64% off,21
saf,4.1,₹399,"₹1,299",Top Discount of the Sale,(909),69% off,22
Rainbow,4.4,₹500,"₹1,999",Top Discount of the Sale,"(9,098)",74% off,23
Indianara,4.5,₹255,"₹1,600",Only few left,(8),84% off,24
XIDLZ,4.3,₹136,₹499,Top Discount of the Sale,(26),72% off,25
Pack,4.1,₹130,₹499,Top Discount of the Sale,(12),73% off,26
KOTART,4.4,"₹1,191","₹2,599",Top Discount of the Sale,(150),54% off,27
saf,4.2,₹399,"₹1,299",Top Discount of the Sale,(46),69% off,28
POSITIVE,4.4,₹85,₹499,Only few left,(130),82% off,29
Pirates,4.5,₹316,₹999,Only few left,(21),68% off,30
XIDLZ,4.4,₹136,₹499,Top Discount of the Sale,(143),72% off,31
PVL,4.2,₹169,"₹1,499",Top Discount of the Sale,(94),88% off,32
Rainbow,4.1,₹483,"₹1,599",Top Discount of the Sale,(296),69% off,33
SNDArt,4.2,₹194,"₹1,199",Only few left,(46),83% off,34
SNDArt,5,₹194,₹999,Only few left,(3),80% off,35
HALRE,4.2,₹116,₹599,Top Discount of the Sale,(38),80% off,36
HALRE,5,₹117,₹499,Only few left,(3),76% off,37
saf,4.2,₹999,"₹4,999",Saver Deal,(465),80% off,38
saf,4.9,₹399,"₹1,299",Only few left,(10),69% off,39
WEBELKART,4.3,₹85,₹899,Only 5 left,(4),90% off,40
MANCHII,4.7,₹243,₹999,Only few left,(3),75% off,41
WALLSTOXX,3.5,₹173,₹499,Only few left,(4),65% off,42
WALLSTOXX,4.3,₹133,₹359,Only few left,(26),62% off,43
WALLSTOXX,4.3,₹176,₹499,Only few left,(26),64% off,44
WALLSTOXX,4.1,₹176,₹499,Only 5 left,(749),64% off,45
Flipkart,4.3,₹255,"₹1,199",Only few left,(589),78% off,46
WALLSTOXX,4.5,₹185,₹999,Top Discount of the Sale,(8),81% off,47
saf,4.2,₹399,"₹1,299",Only 4 left,"(1,853)",69% off,48
KOTART,4.5,"₹1,191","₹2,599",Only few left,(102),54% off,49
saf,4.2,₹399,"₹1,299",Top Discount of the Sale,(46),69% off,50
POSITIVE,4.4,₹85,₹499,Only few left,(130),82% off,51
DECORAINC,4.2,₹97,₹599,Only few left,(94),83% off,52
GodCraft,3.9,₹131,₹299,Only few left,(9),56% off,53
HomifyArt,3.9,₹173,"₹1,599",Only few left,(9),89% off,54
Dream,4.2,₹123,₹599,Only few left,(46),79% off,55
SNDArt,3.4,₹194,"₹1,199",Only few left,(11),83% off,56
saf,4.9,₹999,"₹4,999",Only few left,(10),80% off,57
Rainbow,3.4,"₹1,257","₹2,999",Only few left,(11),58% off,58
Rainbow,3.4,"₹1,222","₹2,999",Only few left,(11),59% off,59
WALLSTOXX,4.3,₹176,₹499,Top Discount of the Sale,(4),64% off,60
saf,4.3,₹399,"₹1,299",Top Discount of the Sale,(589),69% off,61
saf,3.4,₹223,₹699,Saver Deal,(11),68% off,62
saf,4.2,₹221,₹699,Top Discount of the Sale,(223),68% off,63
SDF,4.3,₹202,₹699,Only few left,(26),71% off,64
Rainbow,4.3,"₹1,266","₹2,999",Only few left,(26),57% off,65
WALLSTOXX,4.5,₹176,₹499,Only few left,(8),64% off,66
saf,4.2,₹399,"₹1,299",Only few left,"(1,853)",69% off,67
Rainbow,4.5,₹924,"₹2,999",Only few left,(102),69% off,68
Rainbow,4.2,"₹1,250","₹2,999",Only few left,(46),58% off,69
saf,4.2,₹399,"₹1,299",Top Discount of the Sale,(46),69% off,70
POSITIVE,4.4,₹85,₹499,Top Discount of the Sale,(130),82% off,71
Decor,4.2,₹121,₹699,Only few left,"(3,066)",82% off,72
prithviraj,4.1,₹170,₹349,Only few left,(12),51% off,73
Baby,4.2,₹115,₹299,Saver Deal,(94),61% off,74
AHURAA,3.7,₹146,₹999,Only few left,"(1,631)",85% off,75
SNDArt,4.2,₹194,"₹1,199",Only few left,(46),83% off,76
WALLSTOXX,4.9,₹176,₹499,Only few left,(10),64% off,77
Cute,4.3,₹95,₹299,Only few left,(4),68% off,78
decorative,4.3,₹110,"₹1,099",Only few left,(589),89% off,79
saf,4.5,₹999,"₹4,999",Only few left,(21),80% off,80
saf,4.3,₹399,"₹1,299",Only few left,(26),69% off,81
Byte,4.3,₹231,₹499,Top Discount of the Sale,(26),53% off,82
Baby,3.9,₹95,₹299,Only few left,(273),68% off,83
XIDLZ,4.5,₹199,₹799,Only few left,(8),75% off,84
woodwantscrafts,4.3,₹493,"₹1,599",Top Discount of the Sale,(26),69% off,85
WALLSTOXX,4.2,₹176,₹499,Only few left,(94),64% off,86
saf,4.4,₹399,"₹1,299",Only few left,(157),69% off,87
DLLION,4.2,₹233,₹999,Only few left,"(1,853)",76% off,88
XIDLZ,4.3,₹136,₹499,Saver Deal,(26),72% off,89
KOTART,4.2,"₹1,191","₹2,599",Top Discount of the Sale,(19),54% off,90
SNDArt,4.2,₹194,₹799,Only few left,"(34,250)",75% off,91
saf,4.2,₹399,"₹1,299",Top Discount of the Sale,(46),69% off,92
POSITIVE,4.4,₹85,₹499,Only few left,(130),82% off,93
Inspirational,4.2,₹147,₹699,Only few left,(542),78% off,94
XIDLZ,4,₹174,₹799,Top Discount of the Sale,(4),78% off,95
craftinky,3.8,₹136,₹799,Top Discount of the Sale,(252),82% off,96
decorative,4,₹223,"₹1,499",Only few left,"(9,667)",85% off,97
WALLSTOXX,4.2,₹176,₹499,Only few left,(46),64% off,98
saf,4.9,₹999,"₹4,999",Only few left,(10),80% off,99
karnal,4.3,₹57,₹650,Only few left,(4),91% off,100
Art,4.2,₹361,₹999,Only few left,(434),63% off,101
saf,4.2,₹399,"₹1,299",Saver Deal,(5),69% off,102
WALLSTOXX,4.3,₹176,₹499,Top Discount of the Sale,(26),64% off,103
Art,4.3,₹379,₹799,Only few left,(26),52% off,104
milad,3.9,"₹2,599","₹3,599",Saver Deal,"(15,913)",27% off,105
NIONSHINE,4.3,₹799,"₹2,999",Top Discount of the Sale,"(3,052)",73% off,106
POSITIVE,4.3,₹85,₹499,Top Discount of the Sale,(6),82% off,107
saf,4.2,₹399,"₹1,299",Only few left,(94),69% off,108
KOTART,4.5,"₹1,191","₹2,599",Top Discount of the Sale,(8),54% off,109
Advik,4.3,₹218,₹999,Top Discount of the Sale,(26),78% off,110
Dzirezone,4.2,₹117,₹799,Top Discount of the Sale,(100),85% off,111
saf,4.2,₹699,"₹2,599",Only few left,"(1,853)",73% off,112
saf,4.5,"₹1,199","₹4,999",Only few left,(102),76% off,113
Floppy,4.3,₹279,₹999,Only few left,(26),72% off,114
SNDArt,4.2,₹123,₹499,Only few left,(46),75% off,115
Decal,4.4,₹116,₹599,Only few left,(49),80% off,116
saf,4.2,₹399,"₹1,299",Top Discount of the Sale,(46),69% off,117
saf,4.4,₹85,₹499,Only few left,(130),82% off,118
saf,4.3,₹550,₹999,Top Discount of the Sale,(226),44% off,119
saf,4.1,₹92,₹699,Only few left,"(14,639)",86% off,120
saf,4.6,₹245,"₹2,499",Only few left,(68),90% off,121
saf,4.2,₹333,₹849,Only 4 left,(94),60% off,122
saf,4.2,₹194,"₹1,199",Only few left,(46),83% off,123
saf,4,₹176,₹499,Only few left,(7),64% off,124
saf,4.9,₹171,₹499,Only few left,(10),65% off,125
saf,3.9,₹214,₹699,Only 5 left,"(15,913)",69% off,126
saf,4.3,₹999,"₹4,999",Only few left,(4),80% off,127
saf,4.3,₹399,"₹1,299",Top Discount of the Sale,(589),69% off,128
saf,3.9,₹173,₹800,Only few left,"(1,274)",78% off,129
saf,4.2,₹131,₹999,Top Discount of the Sale,"(23,681)",86% off,130
saf,3.8,"₹1,899","₹3,499",Only few left,"(2,947)",45% off,131
saf,4.4,₹135,₹999,Only few left,(224),86% off,132
saf,4.3,₹176,₹499,Only few left,(26),64% off,133
saf,4.3,₹399,"₹1,299",Top Discount of the Sale,(26),69% off,134
saf,4.5,₹210,₹899,Only few left,(8),76% off,135
saf,4.2,₹265,₹599,Only few left,"(1,853)",55% off,136
saf,4.2,"₹1,191","₹2,599",Top Discount of the Sale,(10),54% off,137
saf,4,₹194,₹799,Only few left,"(2,668)",75% off,138
saf,4.5,₹119,₹499,Top Discount of the Sale,(102),76% off,139
saf,4.2,₹246,"₹1,700",Only few left,(46),85% off,140
saf,3.7,₹94,₹899,Top Discount of the Sale,(159),89% off,141
saf,3.7,₹199,"₹1,299",Top Discount of the Sale,(172),84% off,142
saf,4.2,₹399,"₹1,299",Top Discount of the Sale,(46),69% off,143
POSITIVE,4.4,₹85,₹499,Top Discount of the Sale,(130),82% off,144
Ingorala,4.5,₹50,₹399,Top Discount of the Sale,(83),87% off,145
saf,4.2,₹499,₹999,Saver Deal,(94),50% off,146
woodwantscrafts,4.5,₹493,"₹1,599",Top Discount of the Sale,(21),69% off,147
DLLION,4.2,₹233,₹999,Top Discount of the Sale,(46),76% off,148
SNDArt,3.9,₹194,"₹1,199",Top Discount of the Sale,"(9,219)",83% off,149
saf,3.9,₹999,"₹4,999",Top Discount of the Sale,"(15,913)",80% off,150
PVL,3.9,₹169,"₹1,499",Top Discount of the Sale,(137),88% off,151
saf,4.2,₹399,"₹1,299",Top Discount of the Sale,(46),69% off,152
POSITIVE,4.4,₹85,₹499,Top Discount of the Sale,(130),82% off,153
Shah,5,"₹1,303","₹5,999",Top Discount of the Sale,(3),78% off,154
milad,4.2,"₹1,699","₹2,699",Top Discount of the Sale,(94),37% off,155
Art,4.1,₹361,₹999,Top Discount of the Sale,"(8,910)",63% off,156
PVL,4.2,₹162,"₹1,499",Saver Deal,(46),89% off,157
SNDArt,4.3,₹194,"₹1,199",Top Discount of the Sale,"(3,052)",83% off,158
saf,4.2,₹399,"₹1,299",Top Discount of the Sale,(46),69% off,159
POSITIVE,4.4,₹85,₹499,Top Discount of the Sale,(130),82% off,160
Rainbow,4.2,"₹3,004","₹5,999",Top Discount of the Sale,(94),49% off,161
saf,4.2,₹399,"₹1,299",Top Discount of the Sale,(46),69% off,162
POSITIVE,4.4,₹85,₹499,Top Discount of the Sale,(130),82% off,163
Rainbow,3.9,"₹1,309","₹2,999",Top Discount of the Sale,(9),56% off,164
M,4.2,₹715,"₹1,499",Top Discount of the Sale,(94),52% off,165
Indianara,4.2,₹109,₹699,Top Discount of the Sale,(46),84% off,166
